Workbook

Sheet COMP
A1: DENOMINACIÓN DEL PUESTO | B1: Usuario | C1: Contraseña | D1: TIPO DE CARGA
A2: Alcaldía
A3: Secretaría Particular
A4: Subdirección de Control de Gestión
A5: Coordinación de la Unidad de Transparencia, Acceso a la Información Pública, Datos Personales y Archivos
A6: Jefatura de Unidad Departamental de Acceso a la Información Pública y Datos Personales
A7: Jefatura de Unidad Departamental de Archivos
A8: Dirección de Comunicación Social | B8: Direccioncomsocial@indicadorestlalpan.mx | C8: comunicasocial2189312 | D8: Formulario (si aplica) / Cargar Excel (si aplica) / Ver datos / Ver gráficos
A9: Líder Coordinador de Proyectos de Servicios Digitales
A10: Jefatura de Unidad Departamental de Comunicación
A11: Jefatura de Unidad Departamental de Difusión
A12: Dirección de Planeación del Desarrollo
A13: Jefatura de Unidad Departamental de Planeación y Formulación de Proyectos de la Alcaldía
A14: Jefatura de Unidad Departamental de Apoyo Técnico y Evaluación de Programas con Reglas de Operación
A15: Dirección del Centro de Servicios y Atención Ciudadana | B15: direciudadana@indicadorestlalpan.mx | C15: direcaten774
A16: Subdirección de Atención Ciudadana
A17: Enlace de Información y Seguimiento a Solicitudes de Servicios “A”
A18: Enlace de Información y Seguimiento a Solicitudes de Servicios “B”
A19: Subdirección de Ventanilla Única de Trámites | B19: subventatramites@indicadorestlalpan.mx | C19: ventanitrami498 | D19: Formulario (si aplica) / Cargar Excel (si aplica) / Ver datos / Ver gráficos
A20: Enlace de Atención Ciudadana “A”
A21: Enlace de Atención Ciudadana “B”
A22: Enlace de Atención Ciudadana “C”
A23: Enlace de Atención Ciudadana “D”
A24: Dirección de la Unidad de Gestión Integral de Riesgos y Protección Civil
A25: Jefatura de Unidad Departamental de Dictaminación de Riesgos | B25: judictaminariesgo@indicadorestlalpan.mx | C25: dictariesgooss893 | D25: Formulario (si aplica) / Cargar Excel (si aplica) / Ver datos / Ver gráficos
A26: Jefatura de Unidad Departamental de Respuesta a Emergencias | B26: judrespuestaseme@indicadorestlalpan.mx | C26: emerrespues5237 | D26: Formulario (si aplica) / Cargar Excel (si aplica) / Ver datos / Ver gráficos
A27: Subdirección de Atención a Emergencias y Gestión de Riesgos | B27: subatencionemergias@indicadorestlalpan.mx | C27: subemerg5455
A28: Líder Coordinador de Proyectos de Mitigación de Riesgos
A29: Jefatura de la Oficina de Asesores y Coordinación Territorial | B29: coordinacionterritorial@indicadorestlalpan.mx | C29: coorterri32094820 | D29: Formulario (si aplica) / Cargar Excel (si aplica) / Ver datos / Ver gráficos | E29: DE SUS ÁREAS. Ver datos / Ver gráficos
A30: Subdirección Territorial A | B30: subterritorialA@indicadorestlalpan.mx | C30: suubterrri4r4 | D30: Formulario (si aplica) / Cargar Excel (si aplica) / Ver datos / Ver gráficos
A31: Líder Coordinador de Proyectos de Administración “A"
A32: Jefatura de Unidad Departamental de Obras "A"
A33: Jefatura de Unidad Departamental de Servicios Urbanos “A"
A34: Subdirección Territorial B | B34: subterritorialB@indicadorestlalpan.mx | C34: suuubterrri564 | D34: Formulario (si aplica) / Cargar Excel (si aplica) / Ver datos / Ver gráficos
A35: Líder Coordinador de Proyectos de Administración “B"
A36: Jefatura de Unidad Departamental de Obras “B"
A37: Jefatura de Unidad Departamental de Servicios Urbanos “B"
A38: Subdirección Territorial C | B38: subterritorialC@indicadorestlalpan.mx | C38: suuub456 | D38: Formulario (si aplica) / Cargar Excel (si aplica) / Ver datos / Ver gráficos
A39: Líder Coordinador de Proyectos de Administración “C"
A40: Jefatura de Unidad Departamental de Obras “C"
A41: Jefatura de Unidad Departamental de Servicios Urbanos “C"
A42: Subdirección Territorial D | B42: subterritorialD@indicadorestlalpan.mx | C42: subdire456 | D42: Formulario (si aplica) / Cargar Excel (si aplica) / Ver datos / Ver gráficos
A43: Líder Coordinador de Proyectos de Administración “D"
A44: Jefatura de Unidad Departamental de Obras “D"
A45: Jefatura de Unidad Departamental de Servicios Urbanos “D"
A46: Subdirección Territorial E | B46: subterritorialE@indicadorestlalpan.mx | C46: subter4562 | D46: Formulario (si aplica) / Cargar Excel (si aplica) / Ver datos / Ver gráficos
A47: Líder Coordinador de Proyectos de Administración “E"
A48: Jefatura de Unidad Departamental de Obras “E"
A49: Jefatura de Unidad Departamental de Servicios Urbanos “E"
A50: Asesor “A”
A51: Asesor “B”
A52: Asesor “C”
A53: Dirección General de Asuntos Jurídicos y de Gobierno | B53: DGAsuntosjuridicosgob@indicadorestlalpan.mx | C53: asuntogob8213796 | D53: Ver datos / Ver gráficos
A54: Dirección Jurídica
A55: Subdirección de Procedimientos de lo Contencioso
A56: Jefatura de Unidad Departamental de Amparos y Recuperación de la Vía Pública
A57: Jefatura de Unidad Departamental de Asuntos Civiles, Mercantiles y de Contencioso Administrativo
A58: Jefatura de Unidad Departamental de Contratos, Convenios y Permisos en Materia Administrativa
A59: Jefatura de Unidad Departamental de Enlace a Juzgados Cívicos, Registro Civil, Junta de Reclutamiento del Servicio Militar Nacional y Derechos Humanos
A60: Jefatura de Unidad Departamental de Asuntos Penales
A61: Subdirección de Juicios Laborales
A62: Subdirección de Verificación y Reglamentos | B62: subdireccionverificacionreglamentos@indicadorestlalpan.mx | C62: reglaverif3234022 | D62: Formulario (si aplica) / Cargar Excel (si aplica) / Ver datos / Ver gráficos
A63: Jefatura de Unidad Departamental de Apoyo Legal
A64: Jefatura de Unidad Departamental de Ejecución de Sanciones
A65: Subdirección de Calificaciones de Infracciones
A66: Jefatura de Unidad Departamental de Instrucción y Acuerdos Administrativos
A67: Jefatura de Unidad Departamental de Resoluciones y Cumplimientos
A68: Dirección de Gobierno y Vía Pública | B68: Direcciongobviapublica@indicadorestlalpan.mx | C68: gobviapubli2198891 | D68: Ver datos / Ver gráficos
A69: Subdirección de Gobierno
A70: Jefatura de Unidad Departamental de Giros Mercantiles y Espectáculos Públicos | B70: JUDGirosmercantiles@indicadorestlalpan.mx | C70: especpublic21718 | D70: Formulario (si aplica) / Cargar Excel (si aplica) / Ver datos / Ver gráficos
A71: Jefatura de Unidad Departamental de Panteones | B71: JUDPanteones@indicadorestlalpan.mx | C71: pantlal12 | D71: Formulario (si aplica) / Cargar Excel (si aplica) / Ver datos / Ver gráficos
A72: Jefatura de Unidad Departamental de Tianguis y Vía Pública | B72: JUDTianguisviapublica@indicadorestlalpan.mx | C72: tianguis6932572 | D72: Formulario (si aplica) / Cargar Excel (si aplica) / Ver datos / Ver gráficos
A73: Jefatura de Unidad Departamental de Mercados y Concentraciones | B73: JUDMercadosconcentraciones@indicadorestlalpan.mx | C73: mercaconcen24982 | D73: Formulario (si aplica) / Cargar Excel (si aplica) / Ver datos / Ver gráficos
A74: Dirección de Ordenamiento Territorial | B74: Direccionordenamientoterritorial@indicadorestlalpan.mx | C74: dot987324 | D74: Ver datos / Ver gráficos
A75: Jefatura de Unidad Departamental de Regularización Territorial
A76: Jefatura de Unidad Departamental de Colonias y Asentamientos Humanos Irregulares | B76: JUDColoniasirregulares@indicadorestlalpan.mx | C76: asentamientos43928 | D76: Formulario (si aplica) / Cargar Excel (si aplica) / Ver datos / Ver gráficos
A77: Jefatura de Unidad Departamental de Padrón Inmobiliario y Viviendas Irregulares
A78: Dirección de Seguridad Ciudadana y Construcción de la Paz | B78: Direccionseguridadpaz@indiccadorestlalpan.mx | C78: constrciu2894892 | D78: Ver datos / Ver gráficos
A79: Subdirección de Proyectos para la Construcción de la Paz | B79: subdireccionproyectospaz@indicadorestlalpan.mx | C79: paz1444000505 | D79: Formulario (si aplica) / Cargar Excel (si aplica) / Ver datos / Ver gráficos
A80: Subdirección de Información y Control de Estadística y Tránsito | B80: subdireccioninfocontrol@indicadorestlalpan.mx | C80: tranest92384 | D80: Ver datos / Ver gráficos
A81: Jefatura de Unidad Departamental de Incidencia y Estadística Delictiva | B81: Incidenciayestadistica@indicadorestlalpan.mx | C81: delictiva787342
A82: Jefatura de Unidad Departamental de Control Operativo Policial | B82: JUDControlopetativopolicial@indicadorestlalpan.mx | C82: cop318947221 | D82: Formulario (si aplica) / Cargar Excel (si aplica) / Ver datos / Ver gráficos
A83: Jefatura de Unidad Departamental de Seguridad Ciudadana y Tránsito | B83: JUDSeguridadciudadanatransito@indicadorestlalpan.mx | C83: transitoo207742 | D83: Formulario (si aplica) / Cargar Excel (si aplica) / Ver datos / Ver gráficos
A84: Dirección General de Obras y Desarrollo Urbano | B84: DGObrasdesarrollourbano@indicadorestlalpan.mx | C84: obrasdg65543 | D84: Ver datos / Ver gráficos
A85: Enlace de Seguimientos de Informes de Obras
A86: Líder Coordinador de Proyectos de Seguimiento a Solicitudes Específicas de Obra
A87: Dirección de Obras y Operación Hidráulica | B87: Direccionobrasophid@indicadorestlalpan.mx | C87: obrshid56132 | D87: Ver datos / Ver gráficos
A88: Subdirección de Obras | B88: subdirecciondeobras@indicadorestlalpan.mx | C88: subdir2345 | D88: Ver datos / Ver gráficos
A89: Jefatura de Unidad Departamental de Mantenimiento a Edificios Públicos | B89: JUDMantenimientoEdificios@indicadorestlalpan.mx | C89: mantedificios2323 | D89: Formulario (si aplica) / Cargar Excel (si aplica) / Ver datos / Ver gráficos
A90: Jefatura de Unidad Departamental de Obras Viales | B90: JUDObrasViales@indicadorestlalpan.mx | C90: viales3435 | D90: Formulario (si aplica) / Cargar Excel (si aplica) / Ver datos / Ver gráficos
A91: Jefatura de Unidad Departamental de Planteles Educativos | B91: JUDPlantelesEducativos@indicadorestlalpan.mx | D91: Formulario (si aplica) / Cargar Excel (si aplica) / Ver datos / Ver gráficos
A92: Líder Coordinador de Proyectos de Seguimiento de Infraestructura de Planteles Educativos
A93: Jefatura de Unidad Departamental de Construcción de Edificios Públicos | B93: JUDConstruccionEdificios@indicadorestlalpan.mx | C93: JUDconstruccion | D93: Formulario (si aplica) / Cargar Excel (si aplica) / Ver datos / Ver gráficos
A94: Jefatura de Unidad Departamental de Control de Materiales y Equipo
A95: Jefatura de Unidad Departamental de Mantenimiento Menor | B95: mantenimientomenor@indicadorestlalpan.mx | C95: ObrasMttoMenor2527
A96: Enlace de Trabajos de Mantenimiento por Administración
A97: Subdirección de Operación Hidráulica | B97: subdireccionobrashidraulicas@indicadorestlalpan.mx | C97: obrhidsub32482 | D97: Ver datos / Ver gráficos
A98: Jefatura de Unidad Departamental de Construcción de Obras para Saneamiento y Drenaje | B98: JUDConstruccionSD@indicadorestlalpan.mx | C98: saneamiento23423 | D98: Formulario (si aplica) / Cargar Excel (si aplica) / Ver datos / Ver gráficos
A99: Jefatura de Unidad Departamental de Obras Hidráulicas | B99: JUDObrashid@indicadorestlalpan.mx | C99: hidra392832981 | D99: Formulario (si aplica) / Cargar Excel (si aplica) / Ver datos / Ver gráficos
A100: Jefatura de Unidad Departamental de Operación de Agua, Saneamiento y Drenaje “A” | B100: JUDOPSDA@indicadorestlalpan.mx | C100: operagua2121 | D100: Formulario (si aplica) / Cargar Excel (si aplica) / Ver datos / Ver gráficos
...

Sheet Hoja1
B1: CONTRASEÑA | D1: Contenido de la cuenta
A2: Tlalpan@indicadorestlalpan.mx | B2: tlalp379873248@ | D2: Subir excel | E2: Graficas | F2: Ver datos excel
D3: Formulario de datos | F3: ver datos formulario
A5: DIRECCIÓN ATENCIÓN GPT | B5: CONTRASEÑA | C5: Contenido
A6: Direcciongruposprioritarios@indicadorestlalpan.mx | B6: prioritariosgrup98148 | C6: DE SU CARGA. Formulario (si aplica) / Cargar Excel (si aplica) / Ver datos / Ver gráficos | D6: DE SUS ÁREAS. Ver datos / Ver gráficos | E6: =IF(COUNTIF(COMP!$B:$B, A6)>0, "EXISTE", " ") -> EXISTE
A7: JUDAtencionpoblacionmayor@indicadorestlalpan.mx | B7: adultamayor2134 | C7: Formulario (si aplica) / Cargar Excel (si aplica) / Ver datos / Ver gráficos | E7: =IF(COUNTIF(COMP!$B:$B, A7)>0, "EXISTE", " ") -> EXISTE
A8: JUDAtencioninfancias@indicadorestlalpan.mx | B8: infanciajud789 | C8: Formulario (si aplica) / Cargar Excel (si aplica) / Ver datos / Ver gráficos | E8: =IF(COUNTIF(COMP!$B:$B, A8)>0, "EXISTE", " ") -> EXISTE
A9: JUDAtencionjuventud@indicadorestlalpan.mx | B9: juventudatencion28793 | C9: Formulario (si aplica) / Cargar Excel (si aplica) / Ver datos / Ver gráficos | E9: =IF(COUNTIF(COMP!$B:$B, A9)>0, "EXISTE", " ") -> EXISTE
A10: JUDDesarrolocomunitario@indicadorestlalpan.mx | B10: centerint124 | C10: Formulario (si aplica) / Cargar Excel (si aplica) / Ver datos / Ver gráficos | E10: =IF(COUNTIF(COMP!$B:$B, A10)>0, "EXISTE", " ") -> EXISTE
E11: =IF(COUNTIF(COMP!$B:$B, A11)>0, "EXISTE", " ")
A12: Subdirección de Ordenamiento y Movilidad | B12: Contraseña | E12: =IF(COUNTIF(COMP!$B:$B, A12)>0, "EXISTE", " ")
A13: movilidad@indicadorestlalpan.mx | B13: movisub6968 | C13: Formulario (si aplica) / Cargar Excel (si aplica) / Ver datos / Ver gráficos | E13: =IF(COUNTIF(COMP!$B:$B, A13)>0, "EXISTE", " ") -> EXISTE
E14: =IF(COUNTIF(COMP!$B:$B, A14)>0, "EXISTE", " ")
A15: Subdirección de Obras | B15: Contraseña | E15: =IF(COUNTIF(COMP!$B:$B, A15)>0, "EXISTE", " ")
A16: subdirecciondeobras@indicadorestlalpan.mx | B16: subdir2345 | C16: Ver datos / Ver gráficos | E16: =IF(COUNTIF(COMP!$B:$B, A16)>0, "EXISTE", " ") -> EXISTE
A17: JUDMantenimientoEdificios@indicadorestlalpan.mx | B17: mantedificios2323 | C17: Formulario (si aplica) / Cargar Excel (si aplica) / Ver datos / Ver gráficos | E17: =IF(COUNTIF(COMP!$B:$B, A17)>0, "EXISTE", " ") -> EXISTE
A18: JUDPlantelesEducativos@indicadorestlalpan.mx | B18: educativo2099 | C18: Formulario (si aplica) / Cargar Excel (si aplica) / Ver datos / Ver gráficos | E18: =IF(COUNTIF(COMP!$B:$B, A18)>0, "EXISTE", " ") -> EXISTE
A19: JUDConstruccionEdificios@indicadorestlalpan.mx | B19: JUDconstruccion | C19: Formulario (si aplica) / Cargar Excel (si aplica) / Ver datos / Ver gráficos | E19: =IF(COUNTIF(COMP!$B:$B, A19)>0, "EXISTE", " ") -> EXISTE
A20: JUDObrasViales@indicadorestlalpan.mx | B20: viales3435 | C20: Formulario (si aplica) / Cargar Excel (si aplica) / Ver datos / Ver gráficos | E20: =IF(COUNTIF(COMP!$B:$B, A20)>0, "EXISTE", " ") -> EXISTE
E21: =IF(COUNTIF(COMP!$B:$B, A21)>0, "EXISTE", " ")
A22: JUD de Incidencia y Estadística Delictiva | B22: Contraseña | E22: =IF(COUNTIF(COMP!$B:$B, A22)>0, "EXISTE", " ")
A23: Incidenciayestadistica@indicadorestlalpan.mx | B23: delictiva787342 | C23: Formulario (si aplica) / Cargar Excel (si aplica) / Ver datos / Ver gráficos | E23: =IF(COUNTIF(COMP!$B:$B, A23)>0, "EXISTE", " ") -> EXISTE
E24: =IF(COUNTIF(COMP!$B:$B, A24)>0, "EXISTE", " ")
A25: Centros Deportivos | B25: Contraseña | E25: =IF(COUNTIF(COMP!$B:$B, A25)>0, "EXISTE", " ")
A26: JUDcentrosdeportivos@indicadorestlalpan.mx | B26: centdepo38721 | C26: Formulario (si aplica) / Cargar Excel (si aplica) / Ver datos / Ver gráficos | E26: =IF(COUNTIF(COMP!$B:$B, A26)>0, "EXISTE", " ") -> EXISTE
E27: =IF(COUNTIF(COMP!$B:$B, A27)>0, "EXISTE", " ")
A28: Dirección de Salud | B28: Contraseña | E28: =IF(COUNTIF(COMP!$B:$B, A28)>0, "EXISTE", " ")
A29: Direccionsalud@indicadorestlalpan.mx | B29: salud64783435 | C29: DE SU CARGA. Formulario (si aplica) / Cargar Excel (si aplica) / Ver datos / Ver gráficos | D29: DE SUS ÁREAS. Ver datos / Ver gráficos | E29: =IF(COUNTIF(COMP!$B:$B, A29)>0, "EXISTE", " ") -> EXISTE
E30: =IF(COUNTIF(COMP!$B:$B, A30)>0, "EXISTE", " ")
A31: JUD Colonias y Asentamientos Humanos Irregulares | B31: Contraseña | E31: =IF(COUNTIF(COMP!$B:$B, A31)>0, "EXISTE", " ")
A32: JUDColoniasirregulares@indicadorestlalpan.mx | B32: asentamientos43928 | C32: Formulario (si aplica) / Cargar Excel (si aplica) / Ver datos / Ver gráficos | E32: =IF(COUNTIF(COMP!$B:$B, A32)>0, "EXISTE", " ") -> EXISTE
E33: =IF(COUNTIF(COMP!$B:$B, A33)>0, "EXISTE", " ")
A34: JUD de Seguridad Ciudadana y de Tránsito | B34: Contraseña | E34: =IF(COUNTIF(COMP!$B:$B, A34)>0, "EXISTE", " ")
A35: JUDSeguridadciudadanatransito@indicadorestlalpan.mx | B35: transitoo207742 | C35: Formulario (si aplica) / Cargar Excel (si aplica) / Ver datos / Ver gráficos | E35: =IF(COUNTIF(COMP!$B:$B, A35)>0, "EXISTE", " ") -> EXISTE
E36: =IF(COUNTIF(COMP!$B:$B, A36)>0, "EXISTE", " ")
A37: JUD de Control Operativo Policial | B37: Contraseña | E37: =IF(COUNTIF(COMP!$B:$B, A37)>0, "EXISTE", " ")
A38: JUDControlopetativopolicial@indicadorestlalpan.mx | B38: cop318947221 | C38: Formulario (si aplica) / Cargar Excel (si aplica) / Ver datos / Ver gráficos | E38: =IF(COUNTIF(COMP!$B:$B, A38)>0, "EXISTE", " ") -> EXISTE
E39: =IF(COUNTIF(COMP!$B:$B, A39)>0, "EXISTE", " ")
A40: JUD de Panteones | B40: Contraseña | E40: =IF(COUNTIF(COMP!$B:$B, A40)>0, "EXISTE", " ")
A41: JUDPanteones@indicadorestlalpan.mx | B41: pantlal12 | C41: Formulario (si aplica) / Cargar Excel (si aplica) / Ver datos / Ver gráficos | E41: =IF(COUNTIF(COMP!$B:$B, A41)>0, "EXISTE", " ") -> EXISTE
E42: =IF(COUNTIF(COMP!$B:$B, A42)>0, "EXISTE", " ")
A43: JUD de Tianguis y Vía Pública | B43: Contraseña | E43: =IF(COUNTIF(COMP!$B:$B, A43)>0, "EXISTE", " ")
A44: JUDTianguisviapublica@indicadorestlalpan.mx | B44: tianguis6932572 | C44: Formulario (si aplica) / Cargar Excel (si aplica) / Ver datos / Ver gráficos | E44: =IF(COUNTIF(COMP!$B:$B, A44)>0, "EXISTE", " ") -> EXISTE
A45: GREYSI | E45: =IF(COUNTIF(COMP!$B:$B, A45)>0, "EXISTE", " ")
A46: JUD de Mercados y Concentraciones | B46: Contraseña | E46: =IF(COUNTIF(COMP!$B:$B, A46)>0, "EXISTE", " ")
A47: JUDMercadosconcentraciones@indicadorestlalpan.mx | B47: mercaconcen24982 | C47: Formulario (si aplica) / Cargar Excel (si aplica) / Ver datos / Ver gráficos | E47: =IF(COUNTIF(COMP!$B:$B, A47)>0, "EXISTE", " ") -> EXISTE
E48: =IF(COUNTIF(COMP!$B:$B, A48)>0, "EXISTE", " ")
A49: JUD de Mantenimiento Menor | B49: Contraseña | E49: =IF(COUNTIF(COMP!$B:$B, A49)>0, "EXISTE", " ")
A50: mantenimientomenor@indicadorestlalpan.mx | B50: ObrasMttoMenor2527 | C50: Formulario (si aplica) / Cargar Excel (si aplica) / Ver datos / Ver gráficos | E50: =IF(COUNTIF(COMP!$B:$B, A50)>0, "EXISTE", " ") -> EXISTE
E51: =IF(COUNTIF(COMP!$B:$B, A51)>0, "EXISTE", " ")
A52: Subdirección de Operaciones Hidráulicas | B52: Contraseña | E52: =IF(COUNTIF(COMP!$B:$B, A52)>0, "EXISTE", " ")
A53: subdireccionobrashidraulicas@indicadorestlalpan.mx | B53: obrhidsub32482 | C53: Ver datos / Ver gráficos | E53: =IF(COUNTIF(COMP!$B:$B, A53)>0, "EXISTE", " ") -> EXISTE
A54: JUDObrashid@indicadorestlalpan.mx | B54: hidra392832981 | C54: Formulario (si aplica) / Cargar Excel (si aplica) / Ver datos / Ver gráficos | E54: =IF(COUNTIF(COMP!$B:$B, A54)>0, "EXISTE", " ") -> EXISTE
A55: JUDOPSDB@indicadorestlalpan.mx | B55: operadrenaje139234 | C55: Formulario (si aplica) / Cargar Excel (si aplica) / Ver datos / Ver gráficos | E55: =IF(COUNTIF(COMP!$B:$B, A55)>0, "EXISTE", " ") -> EXISTE
A56: JUDOPSDA@indicadorestlalpan.mx | B56: operagua2121 | C56: Formulario (si aplica) / Cargar Excel (si aplica) / Ver datos / Ver gráficos | E56: =IF(COUNTIF(COMP!$B:$B, A56)>0, "EXISTE", " ") -> EXISTE
A57: JUDConstruccionSD@indicadorestlalpan.mx | B57: saneamiento23423 | C57: Formulario (si aplica) / Cargar Excel (si aplica) / Ver datos / Ver gráficos | E57: =IF(COUNTIF(COMP!$B:$B, A57)>0, "EXISTE", " ") -> EXISTE
E58: =IF(COUNTIF(COMP!$B:$B, A58)>0, "EXISTE", " ")
A59: JUD Parques y Jardines | B59: Contraseña | E59: =IF(COUNTIF(COMP!$B:$B, A59)>0, "EXISTE", " ")
A60: JUDParquesyjardines@indicadorestlalpan.mx | B60: jardinesp6769 | C60: Formulario (si aplica) / Cargar Excel (si aplica) / Ver datos / Ver gráficos | E60: =IF(COUNTIF(COMP!$B:$B, A60)>0, "EXISTE", " ") -> EXISTE
E61: =IF(COUNTIF(COMP!$B:$B, A61)>0, "EXISTE", " ")
A62: Dirección de Fomento a la Equidad de Género e Igualdad Sustantiva | B62: Contraseña | E62: =IF(COUNTIF(COMP!$B:$B, A62)>0, "EXISTE", " ")
A63: Direccionigualdad@inicadorestlalpan.mx | B63: equidad10101 | C63: DE SU CARGA. Formulario (si aplica) / Cargar Excel (si aplica) / Ver datos / Ver gráficos | D63: DE SUS ÁREAS. Ver datos / Ver gráficos | E63: =IF(COUNTIF(COMP!$B:$B, A63)>0, "EXISTE", " ") -> EXISTE
E64: =IF(COUNTIF(COMP!$B:$B, A64)>0, "EXISTE", " ")
A65: JUD de Sistema Básico de Recolección | B65: Contraseña | E65: =IF(COUNTIF(COMP!$B:$B, A65)>0, "EXISTE", " ")
A66: JUDSistemarecoleccion@indicadorestlalpan.mx | B66: reco887871212 | C66: Formulario (si aplica) / Cargar Excel (si aplica) / Ver datos / Ver gráficos | E66: =IF(COUNTIF(COMP!$B:$B, A66)>0, "EXISTE", " ") -> EXISTE
E67: =IF(COUNTIF(COMP!$B:$B, A67)>0, "EXISTE", " ")
A68: JUD de instalación y mantenimiento de luminarias | B68: Contraseña | E68: =IF(COUNTIF(COMP!$B:$B, A68)>0, "EXISTE", " ")
A69: JUDInstalacionymantluminarias@indicadorestlalpan.mx | B69: luminari0034523 | C69: Formulario (si aplica) / Cargar Excel (si aplica) / Ver datos / Ver gráficos | E69: =IF(COUNTIF(COMP!$B:$B, A69)>0, "EXISTE", " ") -> EXISTE
A70: JUDmantenimientoluminarias@indicadorestlalpan.mx | B70: mejurban0001212 | C70: Formulario (si aplica) / Cargar Excel (si aplica) / Ver datos / Ver gráficos | E70: =IF(COUNTIF(COMP!$B:$B, A70)>0, "EXISTE", " ")
E71: =IF(COUNTIF(COMP!$B:$B, A71)>0, "EXISTE", " ")
A72: JUD de Giros Mercantiles | B72: Contraseña | E72: =IF(COUNTIF(COMP!$B:$B, A72)>0, "EXISTE", " ")
A73: JUDGirosmercantiles@indicadorestlalpan.mx | B73: especpublic21718 | C73: Formulario (si aplica) / Cargar Excel (si aplica) / Ver datos / Ver gráficos | E73: =IF(COUNTIF(COMP!$B:$B, A73)>0, "EXISTE", " ") -> EXISTE
E74: =IF(COUNTIF(COMP!$B:$B, A74)>0, "EXISTE", " ")
A75: Subdirección Promoción Cultura | B75: Contraseña | E75: =IF(COUNTIF(COMP!$B:$B, A75)>0, "EXISTE", " ")
A76: subdireccionpromocioncultural@indicadorestlalpan.mx | B76: culturalprom2182 | C76: Formulario (si aplica) / Cargar Excel (si aplica) / Ver datos / Ver gráficos | E76: =IF(COUNTIF(COMP!$B:$B, A76)>0, "EXISTE", " ") -> EXISTE
E77: =IF(COUNTIF(COMP!$B:$B, A77)>0, "EXISTE", " ")
A78: Subdirección de Proyectos para la Construcción de la Paz | B78: Contraseña | E78: =IF(COUNTIF(COMP!$B:$B, A78)>0, "EXISTE", " ")
A79: subdireccionproyectospaz@indicadorestlalpan.mx | B79: paz1444000505 | C79: Formulario (si aplica) / Cargar Excel (si aplica) / Ver datos / Ver gráficos | E79: =IF(COUNTIF(COMP!$B:$B, A79)>0, "EXISTE", " ") -> EXISTE
E80: =IF(COUNTIF(COMP!$B:$B, A80)>0, "EXISTE", " ")
A81: Coordinación de Educación | B81: Contraseña | E81: =IF(COUNTIF(COMP!$B:$B, A81)>0, "EXISTE", " ")
A82: coordinacioneducacion@indicadorestlalpan.mx | B82: coordied847362 | C82: Formulario (si aplica) / Cargar Excel (si aplica) / Ver datos / Ver gráficos | E82: =IF(COUNTIF(COMP!$B:$B, A82)>0, "EXISTE", " ") -> EXISTE
E83: =IF(COUNTIF(COMP!$B:$B, A83)>0, "EXISTE", " ")
A84: Jefatura Asesores Coordinación Territorial | B84: Contraseña | E84: =IF(COUNTIF(COMP!$B:$B, A84)>0, "EXISTE", " ")
A85: coordinacionterritorial@indicadorestlalpan.mx | B85: coorterri32094820 | C85: DE SU CARGA. Formulario (si aplica) / Cargar Excel (si aplica) / Ver datos / Ver gráficos | D85: DE SUS ÁREAS. Ver datos / Ver gráficos | E85: =IF(COUNTIF(COMP!$B:$B, A85)>0, "EXISTE", " ") -> EXISTE
E86: =IF(COUNTIF(COMP!$B:$B, A86)>0, "EXISTE", " ")
A87: JUD de Manifestaciones y Licencias de Construcción | B87: Contraseña | E87: =IF(COUNTIF(COMP!$B:$B, A87)>0, "EXISTE", " ")
A88: JUDManifestacioneslicconstrucion@indicadorestlalpan.mx | B88: licconmani98221 | C88: Formulario (si aplica) / Cargar Excel (si aplica) / Ver datos / Ver gráficos | E88: =IF(COUNTIF(COMP!$B:$B, A88)>0, "EXISTE", " ") -> EXISTE
E89: =IF(COUNTIF(COMP!$B:$B, A89)>0, "EXISTE", " ")
A90: Coordinador de Actividades Deportivas | B90: Contraseña | E90: =IF(COUNTIF(COMP!$B:$B, A90)>0, "EXISTE", " ")
A91: coordinacionactdeportivas@indicadorestlalpan.mx | B91: coordiactdep003271 | C91: DE SU CARGA. Formulario (si aplica) / Cargar Excel (si aplica) / Ver datos / Ver gráficos | D91: DE SUS ÁREAS. Ver datos / Ver gráficos | E91: =IF(COUNTIF(COMP!$B:$B, A91)>0, "EXISTE", " ") -> EXISTE
E92: =IF(COUNTIF(COMP!$B:$B, A92)>0, "EXISTE", " ")
A93: JUD Agua potable en pipas | B93: Contraseña | E93: =IF(COUNTIF(COMP!$B:$B, A93)>0, "EXISTE", " ")
A94: JUDAguapipas@indicadorestalpan.mx | B94: potable23894287 | E94: =IF(COUNTIF(COMP!$B:$B, A94)>0, "EXISTE", " ")
A95: Se borro el departamento | E95: =IF(COUNTIF(COMP!$B:$B, A95)>0, "EXISTE", " ")
A96: JUD de Gestión y fomento cultural | B96: Contraseña | E96: =IF(COUNTIF(COMP!$B:$B, A96)>0, "EXISTE", " ")
A97: JUDGestioncultural@indicadorestlalpan.mx | B97: fomenyt2394828 | C97: Formulario (si aplica) / Cargar Excel (si aplica) / Ver datos / Ver gráficos | E97: =IF(COUNTIF(COMP!$B:$B, A97)>0, "EXISTE", " ") -> EXISTE
E98: =IF(COUNTIF(COMP!$B:$B, A98)>0, "EXISTE", " ")
A99: Coordinación cultural | E99: =IF(COUNTIF(COMP!$B:$B, A99)>0, "EXISTE", " ")
A100: coordinacioncultura@indicadorestlalpan.mx | B100: coordicult2342342 | C100: DE SU CARGA. Formulario (si aplica) / Cargar Excel (si aplica) / Ver datos / Ver gráficos | D100: DE SUS ÁREAS. Ver datos / Ver gráficos | E100: =IF(COUNTIF(COMP!$B:$B, A100)>0, "EXISTE", " ") -> EXISTE
E101: =IF(COUNTIF(COMP!$B:$B, A101)>0, "EXISTE", " ")
...
